<?xml version="1.0"?>
<index_file>
  <header>
    <version>1.0</version>
    <customer_name>CHQ IFT Sample</customer_name>
    <todo_group_name>Daily-CFT-ASCU</todo_group_name>
    <extraction_name>CHQ-FT-Extract</extraction_name>
    <translation_name>CHQ-FT-TranslateToTiff</translation_name>
    <scheduled_date>20090916</scheduled_date>
    <extract_period_start>20090916</extract_period_start>
    <extract_period_end>20090916</extract_period_end>
    <text_encoding>ascii</text_encoding>
    <content_type>cheque</content_type>
    <checksum_field_name>Amount</checksum_field_name>
    <data_file_name> PRD.ALL.ABC.C9999.DATA.D120618.T182811.C0101 </data_file_name>
    <data_file_name_2>cccccccc</data_file_name_2>
  </header>
  <body>
    <item>
      <field>
        <field_name>ProcessingDate</field_name>
        <field_value>20090916</field_value>
      </field>
      <field>
        <field_name>ChequeSerialNumber</field_name>
        <field_value>1990</field_value>
      </field>
      <field>
        <field_name>Amount</field_name>
        <field_value>0.00</field_value>
      </field>
      <field>
        <field_name>DRCRIndicator</field_name>
        <field_value>D</field_value>
      </field>
      <field>
        <field_name>Currency</field_name>
        <field_value>CAD</field_value>
      </field>
      <field>
        <field_name>TransactionType</field_name>
        <field_value>0</field_value>
      </field>
      <field>
        <field_name>ItemSequenceNumber</field_name>
        <field_value>4800007809</field_value>
      </field>
      <field>
        <field_name>RoutingTransit</field_name>
        <field_value>77777777</field_value>
      </field>
      <field>
        <field_name>Account</field_name>
        <field_value>0000000</field_value>
      </field>
      <field>
        <field_name>CaptureSite</field_name>
        <field_value>TO</field_value>
      </field>
      <field>
        <field_name>AvailableSegment</field_name>
        <field_value>9</field_value>
      </field>
      <data_offset>0</data_offset>
      <data_length>19174</data_length>
    </item>
    <item>
      <field>
        <field_name>ProcessingDate</field_name>
        <field_value>20090916</field_value>
      </field>
      <field>
        <field_name>ChequeSerialNumber</field_name>
        <field_value>1992</field_value>
      </field>
      <field>
        <field_name>Amount</field_name>
        <field_value>0.00</field_value>
      </field>
      <field>
        <field_name>DRCRIndicator</field_name>
        <field_value>D</field_value>
      </field>
      <field>
        <field_name>Currency</field_name>
        <field_value>CAD</field_value>
      </field>
      <field>
        <field_name>TransactionType</field_name>
        <field_value>0</field_value>
      </field>
      <field>
        <field_name>ItemSequenceNumber</field_name>
        <field_value>4800007810</field_value>
      </field>
      <field>
        <field_name>RoutingTransit</field_name>
        <field_value>77777777</field_value>
      </field>
      <field>
        <field_name>Account</field_name>
        <field_value>0000000</field_value>
      </field>
      <field>
        <field_name>CaptureSite</field_name>
        <field_value>TO</field_value>
      </field>
      <field>
        <field_name>AvailableSegment</field_name>
        <field_value>9</field_value>
      </field>
      <data_offset>19174</data_offset>
      <data_length>19424</data_length>
    </item>
    <item>
      <field>
        <field_name>ProcessingDate</field_name>
        <field_value>20090916</field_value>
      </field>
      <field>
        <field_name>ChequeSerialNumber</field_name>
        <field_value>1995</field_value>
      </field>
      <field>
        <field_name>Amount</field_name>
        <field_value>0.00</field_value>
      </field>
      <field>
        <field_name>DRCRIndicator</field_name>
        <field_value>D</field_value>
      </field>
      <field>
        <field_name>Currency</field_name>
        <field_value>CAD</field_value>
      </field>
      <field>
        <field_name>TransactionType</field_name>
        <field_value>0</field_value>
      </field>
      <field>
        <field_name>ItemSequenceNumber</field_name>
        <field_value>4800007812</field_value>
      </field>
      <field>
        <field_name>RoutingTransit</field_name>
        <field_value>77777777</field_value>
      </field>
      <field>
        <field_name>Account</field_name>
        <field_value>0000000</field_value>
      </field>
      <field>
        <field_name>CaptureSite</field_name>
        <field_value>TO</field_value>
      </field>
      <field>
        <field_name>AvailableSegment</field_name>
        <field_value>9</field_value>
      </field>
      <data_offset>38598</data_offset>
      <data_length>19000</data_length>
    </item>
    <item>
      <field>
        <field_name>ProcessingDate</field_name>
        <field_value>20090916</field_value>
      </field>
      <field>
        <field_name>ChequeSerialNumber</field_name>
        <field_value>1998</field_value>
      </field>
      <field>
        <field_name>Amount</field_name>
        <field_value>0.00</field_value>
      </field>
      <field>
        <field_name>DRCRIndicator</field_name>
        <field_value>D</field_value>
      </field>
      <field>
        <field_name>Currency</field_name>
        <field_value>CAD</field_value>
      </field>
      <field>
        <field_name>TransactionType</field_name>
        <field_value>0</field_value>
      </field>
      <field>
        <field_name>ItemSequenceNumber</field_name>
        <field_value>4800007814</field_value>
      </field>
      <field>
        <field_name>RoutingTransit</field_name>
        <field_value>77777777</field_value>
      </field>
      <field>
        <field_name>Account</field_name>
        <field_value>0000000</field_value>
      </field>
      <field>
        <field_name>CaptureSite</field_name>
        <field_value>TO</field_value>
      </field>
      <field>
        <field_name>AvailableSegment</field_name>
        <field_value>9</field_value>
      </field>
      <data_offset>57598</data_offset>
      <data_length>19942</data_length>
    </item>
  </body>
  <trailer>
    <item_count>4</item_count>
    <checksum>
      <checksum_field_name>Amount</checksum_field_name>
      <checksum_field_value>0.00</checksum_field_value>
    </checksum>
  </trailer>
</index_file>
